g1000,decca1,DECCA1,1111,email@test.com,010-4808-1231
g1000,decca2,DECCA2,1111,email@test.com,010-4808-1231
g1000,decca3,DECCA3,1111,email@test.com,010-4808-1231
g1000,decca4,DECCA4,1111,email@test.com,010-4808-1231
g1000,decca5,DECCA5,1111,email@test.com,010-4808-1231
g1000,decca1,DECCA1,1111,email@test.com,010-4808-1231
g1000,decca2,DECCA2,1111,email@test.com,010-4808-1231
g1000,decca3,DECCA3,1111,email@test.com,010-4808-1231
g1000,decca4,DECCA4,1111,email@test.com,010-4808-1231
g1000,decca5,DECCA5,1111,email@test.com,010-4808-1231
g1000,decca1,DECCA1,1111,email@test.com,010-4808-1231
g1000,decca2,DECCA2,1111,email@test.com,010-4808-1231
g1000,decca3,DECCA3,1111,email@test.com,010-4808-1231
g1000,decca4,DECCA4,1111,email@test.com,010-4808-1231
g1000,decca5,DECCA5,1111,email@test.com,010-4808-1231
g1000,decca1,DECCA1,1111,email@test.com,010-4808-1231
g1000,decca2,DECCA2,1111,email@test.com,010-4808-1231
g1000,decca3,DECCA3,1111,email@test.com,010-4808-1231
g1000,decca4,DECCA4,1111,email@test.com,010-4808-1231
g1000,decca5,DECCA5,1111,email@test.com,010-4808-1231
g1000,decca1,DECCA1,1111,email@test.com,010-4808-1231
g1000,decca2,DECCA2,1111,email@test.com,010-4808-1231
g1000,decca3,DECCA3,1111,email@test.com,010-4808-1231
g1000,decca4,DECCA4,1111,email@test.com,010-4808-1231
g1000,decca5,DECCA5,1111,email@test.com,010-4808-1231
g1000,decca1,DECCA1,1111,email@test.com,010-4808-1231
g1000,decca2,DECCA2,1111,email@test.com,010-4808-1231
g1000,decca3,DECCA3,1111,email@test.com,010-4808-1231
g1000,decca4,DECCA4,1111,email@test.com,010-4808-1231
g1000,decca5,DECCA5,1111,email@test.com,010-4808-1231
